{
  "credit": "Made with Blockbench",
  "textures": {
    "0": "uniformsouls:items/overwrite_soul",
    "particle": "uniformsouls:items/overwrite_soul"
  },
  "elements": [
    {
      "from": [5.9375, 12.35, 7],
      "to": [9.875, 14.1625, 8],
      "faces": {
        "north": {"uv": [6.59512, 7.25854, 7.39512, 8.37073], "rotation": 180, "texture": "#0"},
        "east": {"uv": [6.59512, 7.25854, 7.39512, 8.37073], "rotation": 180, "texture": "#0"},
        "south": {"uv": [6.59512, 7.25854, 7.39512, 8.37073], "rotation": 180, "texture": "#0"},
        "west": {"uv": [6.59512, 7.25854, 7.39512, 8.37073], "rotation": 180, "texture": "#0"},
        "up": {"uv": [6.59512, 7.25854, 7.39512, 8.37073], "rotation": 180, "texture": "#0"},
        "down": {"uv": [6.59512, 7.25854, 7.39512, 8.37073], "rotation": 180, "texture": "#0"}
      }
    },
    {
      "from": [3.9375, 10.5375, 7],
      "to": [11.875, 12.4125, 8],
      "faces": {
        "north": {"uv": [6.59512, 7.25854, 7.39512, 8.37073], "rotation": 180, "texture": "#0"},
        "east": {"uv": [6.59512, 7.25854, 7.39512, 8.37073], "rotation": 180, "texture": "#0"},
        "south": {"uv": [6.59512, 7.25854, 7.39512, 8.37073], "rotation": 180, "texture": "#0"},
        "west": {"uv": [6.59512, 7.25854, 7.39512, 8.37073], "rotation": 180, "texture": "#0"},
        "up": {"uv": [6.59512, 7.25854, 7.39512, 8.37073], "rotation": 180, "texture": "#0"},
        "down": {"uv": [6.59512, 7.25854, 7.39512, 8.37073], "rotation": 180, "texture": "#0"}
      }
    },
    {
      "from": [0.0625, 4.4125, 7],
      "to": [15.75, 8.85, 8],
      "faces": {
        "north": {"uv": [6.59512, 7.25854, 7.39512, 8.37073], "rotation": 180, "texture": "#0"},
        "east": {"uv": [6.59512, 7.25854, 7.39512, 8.37073], "rotation": 180, "texture": "#0"},
        "south": {"uv": [6.59512, 7.25854, 7.39512, 8.37073], "rotation": 180, "texture": "#0"},
        "west": {"uv": [6.59512, 7.25854, 7.39512, 8.37073], "rotation": 180, "texture": "#0"},
        "up": {"uv": [6.59512, 7.25854, 7.39512, 8.37073], "rotation": 180, "texture": "#0"},
        "down": {"uv": [6.59512, 7.25854, 7.39512, 8.37073], "rotation": 180, "texture": "#0"}
      }
    },
    {
      "from": [0.0625, 2.6, 7],
      "to": [6.9375, 4.4125, 8],
      "faces": {
        "north": {"uv": [6.59512, 7.25854, 7.39512, 8.37073], "rotation": 180, "texture": "#0"},
        "east": {"uv": [6.59512, 7.25854, 7.39512, 8.37073], "rotation": 180, "texture": "#0"},
        "south": {"uv": [6.59512, 7.25854, 7.39512, 8.37073], "rotation": 180, "texture": "#0"},
        "west": {"uv": [6.59512, 7.25854, 7.39512, 8.37073], "rotation": 180, "texture": "#0"},
        "up": {"uv": [6.59512, 7.25854, 7.39512, 8.37073], "rotation": 180, "texture": "#0"},
        "down": {"uv": [6.59512, 7.25854, 7.39512, 8.37073], "rotation": 180, "texture": "#0"}
      }
    },
    {
      "from": [8.875, 2.6, 7],
      "to": [15.75, 4.4125, 8],
      "faces": {
        "north": {"uv": [6.59512, 7.25854, 7.39512, 8.37073], "rotation": 180, "texture": "#0"},
        "east": {"uv": [6.59512, 7.25854, 7.39512, 8.37073], "rotation": 180, "texture": "#0"},
        "south": {"uv": [6.59512, 7.25854, 7.39512, 8.37073], "rotation": 180, "texture": "#0"},
        "west": {"uv": [6.59512, 7.25854, 7.39512, 8.37073], "rotation": 180, "texture": "#0"},
        "up": {"uv": [6.59512, 7.25854, 7.39512, 8.37073], "rotation": 180, "texture": "#0"},
        "down": {"uv": [6.59512, 7.25854, 7.39512, 8.37073], "rotation": 180, "texture": "#0"}
      }
    },
    {
      "from": [0.0625, 1.7875, 7],
      "to": [6.9375, 2.6, 8],
      "faces": {
        "north": {"uv": [6.59512, 7.25854, 7.39512, 8.37073], "rotation": 180, "texture": "#0"},
        "east": {"uv": [6.59512, 7.25854, 7.39512, 8.37073], "rotation": 180, "texture": "#0"},
        "south": {"uv": [6.59512, 7.25854, 7.39512, 8.37073], "rotation": 180, "texture": "#0"},
        "west": {"uv": [6.59512, 7.25854, 7.39512, 8.37073], "rotation": 180, "texture": "#0"},
        "up": {"uv": [6.59512, 7.25854, 7.39512, 8.37073], "rotation": 180, "texture": "#0"},
        "down": {"uv": [6.59512, 7.25854, 7.39512, 8.37073], "rotation": 180, "texture": "#0"}
      }
    },
    {
      "from": [8.875, 1.7875, 7],
      "to": [15.75, 2.6, 8],
      "faces": {
        "north": {"uv": [6.59512, 7.25854, 7.39512, 8.37073], "rotation": 180, "texture": "#0"},
        "east": {"uv": [6.59512, 7.25854, 7.39512, 8.37073], "rotation": 180, "texture": "#0"},
        "south": {"uv": [6.59512, 7.25854, 7.39512, 8.37073], "rotation": 180, "texture": "#0"},
        "west": {"uv": [6.59512, 7.25854, 7.39512, 8.37073], "rotation": 180, "texture": "#0"},
        "up": {"uv": [6.59512, 7.25854, 7.39512, 8.37073], "rotation": 180, "texture": "#0"},
        "down": {"uv": [6.59512, 7.25854, 7.39512, 8.37073], "rotation": 180, "texture": "#0"}
      }
    },
    {
      "from": [1, 0.7875, 7],
      "to": [5.9375, 1.7875, 8],
      "faces": {
        "north": {"uv": [6.59512, 7.25854, 7.39512, 8.37073], "rotation": 180, "texture": "#0"},
        "east": {"uv": [6.59512, 7.25854, 7.39512, 8.37073], "rotation": 180, "texture": "#0"},
        "south": {"uv": [6.59512, 7.25854, 7.39512, 8.37073], "rotation": 180, "texture": "#0"},
        "west": {"uv": [6.59512, 7.25854, 7.39512, 8.37073], "rotation": 180, "texture": "#0"},
        "up": {"uv": [6.59512, 7.25854, 7.39512, 8.37073], "rotation": 180, "texture": "#0"},
        "down": {"uv": [6.59512, 7.25854, 7.39512, 8.37073], "rotation": 180, "texture": "#0"}
      }
    },
    {
      "from": [9.875, 0.7875, 7],
      "to": [14.8125, 1.7875, 8],
      "faces": {
        "north": {"uv": [6.59512, 7.25854, 7.39512, 8.37073], "rotation": 180, "texture": "#0"},
        "east": {"uv": [6.59512, 7.25854, 7.39512, 8.37073], "rotation": 180, "texture": "#0"},
        "south": {"uv": [6.59512, 7.25854, 7.39512, 8.37073], "rotation": 180, "texture": "#0"},
        "west": {"uv": [6.59512, 7.25854, 7.39512, 8.37073], "rotation": 180, "texture": "#0"},
        "up": {"uv": [6.59512, 7.25854, 7.39512, 8.37073], "rotation": 180, "texture": "#0"},
        "down": {"uv": [6.59512, 7.25854, 7.39512, 8.37073], "rotation": 180, "texture": "#0"}
      }
    },
    {
      "from": [2, -0.025, 7],
      "to": [4, 0.7875, 8],
      "faces": {
        "north": {"uv": [6.59512, 7.25854, 7.39512, 8.37073], "rotation": 180, "texture": "#0"},
        "east": {"uv": [6.59512, 7.25854, 7.39512, 8.37073], "rotation": 180, "texture": "#0"},
        "south": {"uv": [6.59512, 7.25854, 7.39512, 8.37073], "rotation": 180, "texture": "#0"},
        "west": {"uv": [6.59512, 7.25854, 7.39512, 8.37073], "rotation": 180, "texture": "#0"},
        "up": {"uv": [6.59512, 7.25854, 7.39512, 8.37073], "rotation": 180, "texture": "#0"},
        "down": {"uv": [6.59512, 7.25854, 7.39512, 8.37073], "rotation": 180, "texture": "#0"}
      }
    },
    {
      "from": [11.8125, -0.025, 7],
      "to": [13.8125, 0.7875, 8],
      "faces": {
        "north": {"uv": [6.59512, 7.25854, 7.39512, 8.37073], "rotation": 180, "texture": "#0"},
        "east": {"uv": [6.59512, 7.25854, 7.39512, 8.37073], "rotation": 180, "texture": "#0"},
        "south": {"uv": [6.59512, 7.25854, 7.39512, 8.37073], "rotation": 180, "texture": "#0"},
        "west": {"uv": [6.59512, 7.25854, 7.39512, 8.37073], "rotation": 180, "texture": "#0"},
        "up": {"uv": [6.59512, 7.25854, 7.39512, 8.37073], "rotation": 180, "texture": "#0"},
        "down": {"uv": [6.59512, 7.25854, 7.39512, 8.37073], "rotation": 180, "texture": "#0"}
      }
    },
    {
      "from": [2, 8.7875, 7],
      "to": [13.8125, 10.6, 8],
      "faces": {
        "north": {"uv": [6.59512, 7.25854, 7.39512, 8.37073], "rotation": 180, "texture": "#0"},
        "east": {"uv": [6.59512, 7.25854, 7.39512, 8.37073], "rotation": 180, "texture": "#0"},
        "south": {"uv": [6.59512, 7.25854, 7.39512, 8.37073], "rotation": 180,